Masalah_Kulit,Ingredient,Manfaat
Bopeng,Retinol ,Merangsang produksi kolagen dan mempercepat regenerasi sel kulit untuk membantu memperbaiki tekstur kulit dan menyamarkan kedalaman bopeng seiring waktu.
Bopeng,Retinaldehyde ,Bentuk retinoid yang lebih kuat dari Retinol. Bekerja lebih cepat dalam merangsang kolagen dan pergantian sel untuk memperbaiki tekstur kulit.
Bopeng,Tretinoin ,Retinoid resep (obat) yang paling kuat. Sangat efektif dalam merombak kolagen dan memperbaiki tekstur kulit yang rusak akibat bopeng.
Bopeng,Ascorbic Acid,Antioksidan kuat yang penting untuk sintesis kolagen. Membantu mencerahkan kulit dan mendukung proses perbaikan jaringan kulit.
Bopeng,Ethyl Ascorbic Acid,"Turunan Vitamin C yang stabil. Membantu merangsang produksi kolagen dan mencerahkan kulit, mendukung perbaikan tekstur."
Bopeng,Glycolic Acid,AHA (Alpha Hydroxy Acid) yang mengeksfoliasi permukaan kulit. Merangsang pergantian sel dan produksi kolagen di lapisan dermis untuk membantu menghaluskan tekstur kulit.
Bopeng,Lactic Acid,"AHA yang lebih lembut. Selain mengeksfoliasi, ia juga menghidrasi. Membantu menghaluskan tekstur permukaan kulit."
Kemerahan,Centella Asiatica,"Sangat efektif dalam menenangkan kulit (soothing), mengurangi iritasi, peradangan, dan kemerahan. Juga membantu proses penyembuhan luka."
Kemerahan,Madecassoside,Salah satu komponen aktif utama dalam Centella Asiatica. Memiliki sifat anti-inflamasi kuat untuk meredakan kemerahan dan menenangkan kulit sensitif.
Kemerahan,Asiaticoside,"Komponen aktif lain dari Centella Asiatica. Membantu menenangkan kulit, meredakan peradangan, dan merangsang sintesis kolagen ringan."
Kemerahan,Niacinamide,"Memperkuat skin barrier dan memiliki sifat anti-inflamasi, sehingga membantu mengurangi kemerahan dan menenangkan kulit yang reaktif atau iritasi."
Kemerahan,Azelaic Acid,Memiliki sifat anti-inflamasi dan anti-bakteri. Sangat efektif untuk mengurangi kemerahan dan peradangan yang terkait dengan rosacea atau jerawat.
Hiperpigmentasi,Ascorbic Acid,"Menghambat produksi melanin (pigmen gelap), mencerahkan noda hitam, meratakan warna kulit, dan melindungi dari kerusakan akibat sinar UV."
Hiperpigmentasi,Ethyl Ascorbic Acid,Turunan Vitamin C yang stabil. Bekerja efektif untuk menghambat tirosinase (enzim pembuat melanin) sehingga mencerahkan bintik hitam dan meratakan warna kulit.
Hiperpigmentasi,Niacinamide,"Bekerja dengan cara menghambat transfer melanosom (kantong pigmen) ke sel kulit permukaan, sehingga efektif mencerahkan noda hitam dan meratakan warna kulit."
Hiperpigmentasi,Alpha Arbutin ,Dianggap sebagai salah satu pencerah yang lebih aman dan efektif. Bekerja dengan menghambat enzim tirosinase untuk mengurangi produksi melanin.
Hiperpigmentasi,Kojic Acid,Berasal dari jamur. Bekerja sebagai penghambat tirosinase yang kuat untuk mencerahkan bintik-bintik penuaan (age spots) dan melasma.
Hiperpigmentasi,Tranexamic Acid,"Efektif mengatasi hiperpigmentasi, terutama yang disebabkan oleh paparan sinar UV dan melasma, dengan cara mengganggu jalur produksi melanin."
Hiperpigmentasi,Glycolic Acid,"Mengeksfoliasi sel kulit mati di permukaan yang mengandung pigmen berlebih, sehingga mempercepat proses pencerahan noda hitam dan meratakan warna kulit."
Hiperpigmentasi,Lactic Acid,Eksfoliator AHA yang lebih lembut. Membantu mengangkat sel kulit mati berpigmen dan mencerahkan warna kulit secara bertahap.
Jerawat,Salicylic Acid,"BHA (Beta Hydroxy Acid). Mampu menembus minyak (larut dalam minyak) dan masuk ke dalam pori-pori untuk membersihkan sumbatan, mengurangi komedo, dan bersifat anti-inflamasi."
Jerawat,Zinc PCA,Membantu mengontrol produksi sebum (minyak) berlebih dan memiliki sifat anti-mikroba yang membantu melawan bakteri penyebab jerawat (P. acnes).
Jerawat,Zinc Oxide,"Bekerja sebagai skin protectant (pelindung kulit) dan memiliki sifat anti-inflamasi serta astringen ringan, membantu menenangkan jerawat yang meradang dan mengeringkannya."
Jerawat,Azelaic Acid,"Memiliki sifat anti-bakteri untuk melawan P. acnes, anti-inflamasi untuk meredakan jerawat meradang, dan membantu menormalkan keratinisasi (pergantian sel kulit) untuk mencegah pori tersumbat."
Kerutan,Retinol ,"Merupakan standar emas anti-aging. Bekerja dengan mempercepat pergantian sel dan merangsang produksi kolagen, sehingga menghaluskan garis halus dan kerutan."
Kerutan,Retinaldehyde ,Lebih kuat dari Retinol. Merangsang produksi kolagen secara efektif untuk mengurangi tampilan garis halus dan kerutan dengan potensi iritasi lebih rendah dibanding Tretinoin.
Kerutan,Bakuchiol,"Alternatif Retinol yang berasal dari tumbuhan. Bekerja mirip dengan retinol dalam merangsang kolagen dan memperbaiki tanda penuaan, tetapi jauh lebih lembut di kulit."
Kerutan,Hyaluronic Acid,"Menghidrasi kulit secara intensif dengan menarik dan menahan air. Kulit yang terhidrasi dengan baik akan tampak lebih 'plump' (kenyal), sehingga garis-garis halus tersamarkan."
Kerutan,Sodium Hyaluronate,Bentuk garam dari Hyaluronic Acid dengan molekul lebih kecil. Menyerap lebih dalam untuk memberikan hidrasi dan efek plumping yang menyamarkan kerutan.
Kerutan,Palmitoyl Tripeptide-1,"Sebuah peptida (potongan protein) yang memberi sinyal pada kulit untuk memproduksi lebih banyak kolagen, sehingga membantu mengencangkan kulit dan mengurangi kerutan."
Kerutan,Tocopherol,Antioksidan yang melindungi kulit dari kerusakan radikal bebas (penyebab utama penuaan dini) dan membantu menjaga kelembapan serta elastisitas kulit.
Kerutan,Ascorbic Acid,Sangat penting untuk sintesis kolagen. Membantu menjaga kekencangan kulit dan melindungi dari kerusakan akibat matahari yang menyebabkan penuaan dini dan kerutan.